{"NAME_CONTRACT_TYPE": 0.095213, "FLAG_OWN_CAR": 0.340108, "FLAG_OWN_REALTY": 0.693673, "CNT_CHILDREN": 0.417052, "AMT_INCOME_TOTAL": 168797.919297, "AMT_CREDIT": 599025.999706, "AMT_ANNUITY": 27108.573909, "AMT_GOODS_PRICE": 538396.207429, "REGION_POPULATION_RELATIVE": 0.020868, "DAYS_BIRTH": 16036.995067, "DAYS_EMPLOYED": 63815.045904, "DAYS_REGISTRATION": -4986.120328, "DAYS_ID_PUBLISH": -2994.202373, "OWN_CAR_AGE": 12.061091, "FLAG_MOBIL": 0.999997, "FLAG_EMP_PHONE": 0.819889, "FLAG_WORK_PHONE": 0.199368, "FLAG_CONT_MOBILE": 0.998133, "FLAG_PHONE": 0.281066, "FLAG_EMAIL": 0.05672, "CNT_FAM_MEMBERS": 2.152665, "REGION_RATING_CLIENT": 2.052463, "REGION_RATING_CLIENT_W_CITY": 2.031521, "HOUR_APPR_PROCESS_START": 12.063419, "REG_REGION_NOT_LIVE_REGION": 0.015144, "REG_REGION_NOT_WORK_REGION": 0.050769, "LIVE_REGION_NOT_WORK_REGION": 0.040659, "REG_CITY_NOT_LIVE_CITY": 0.078173, "REG_CITY_NOT_WORK_CITY": 0.230454, "LIVE_CITY_NOT_WORK_CITY": 0.179555, "EXT_SOURCE_1": 0.50213, "EXT_SOURCE_2": 0.514393, "EXT_SOURCE_3": 0.510853, "APARTMENTS_AVG": 0.11744, "BASEMENTAREA_AVG": 0.088442, "YEARS_BEGINEXPLUATATION_AVG": 0.977735, "YEARS_BUILD_AVG": 0.752471, "COMMONAREA_AVG": 0.044621, "ELEVATORS_AVG": 0.078942, "ENTRANCES_AVG": 0.149725, "FLOORSMAX_AVG": 0.226282, "FLOORSMIN_AVG": 0.231894, "LANDAREA_AVG": 0.066333, "LIVINGAPARTMENTS_AVG": 0.100775, "LIVINGAREA_AVG": 0.107399, "NONLIVINGAPARTMENTS_AVG": 0.008809, "NONLIVINGAREA_AVG": 0.028358, "APARTMENTS_MODE": 0.114231, "BASEMENTAREA_MODE": 0.087543, "YEARS_BEGINEXPLUATATION_MODE": 0.977065, "YEARS_BUILD_MODE": 0.759637, "COMMONAREA_MODE": 0.042553, "ELEVATORS_MODE": 0.07449, "ENTRANCES_MODE": 0.145193, "FLOORSMAX_MODE": 0.222315, "FLOORSMIN_MODE": 0.228058, "LANDAREA_MODE": 0.064958, "LIVINGAPARTMENTS_MODE": 0.105645, "LIVINGAREA_MODE": 0.105975, "NONLIVINGAPARTMENTS_MODE": 0.008076, "NONLIVINGAREA_MODE": 0.027022, "APARTMENTS_MEDI": 0.11785, "BASEMENTAREA_MEDI": 0.087955, "YEARS_BEGINEXPLUATATION_MEDI": 0.977752, "YEARS_BUILD_MEDI": 0.755746, "COMMONAREA_MEDI": 0.044595, "ELEVATORS_MEDI": 0.078078, "ENTRANCES_MEDI": 0.149213, "FLOORSMAX_MEDI": 0.225897, "FLOORSMIN_MEDI": 0.231625, "LANDAREA_MEDI": 0.067169, "LIVINGAPARTMENTS_MEDI": 0.101954, "LIVINGAREA_MEDI": 0.108607, "NONLIVINGAPARTMENTS_MEDI": 0.008651, "NONLIVINGAREA_MEDI": 0.028236, "TOTALAREA_MODE": 0.102547, "OBS_30_CNT_SOCIAL_CIRCLE": 1.422245, "DEF_30_CNT_SOCIAL_CIRCLE": 0.143421, "OBS_60_CNT_SOCIAL_CIRCLE": 1.405292, "DEF_60_CNT_SOCIAL_CIRCLE": 0.100049, "DAYS_LAST_PHONE_CHANGE": -962.858788, "FLAG_DOCUMENT_2": 4.2e-05, "FLAG_DOCUMENT_3": 0.710023, "FLAG_DOCUMENT_4": 8.1e-05, "FLAG_DOCUMENT_5": 0.015115, "FLAG_DOCUMENT_6": 0.088055, "FLAG_DOCUMENT_7": 0.000192, "FLAG_DOCUMENT_8": 0.081376, "FLAG_DOCUMENT_9": 0.003896, "FLAG_DOCUMENT_10": 2.3e-05, "FLAG_DOCUMENT_11": 0.003912, "FLAG_DOCUMENT_12": 7e-06, "FLAG_DOCUMENT_13": 0.003525, "FLAG_DOCUMENT_14": 0.002936, "FLAG_DOCUMENT_15": 0.00121, "FLAG_DOCUMENT_16": 0.009928, "FLAG_DOCUMENT_17": 0.000267, "FLAG_DOCUMENT_18": 0.00813, "FLAG_DOCUMENT_19": 0.000595, "FLAG_DOCUMENT_20": 0.000507, "FLAG_DOCUMENT_21": 0.000335, "AMT_REQ_CREDIT_BUREAU_HOUR": 0.006402, "AMT_REQ_CREDIT_BUREAU_DAY": 0.007, "AMT_REQ_CREDIT_BUREAU_WEEK": 0.034362, "AMT_REQ_CREDIT_BUREAU_MON": 0.267395, "AMT_REQ_CREDIT_BUREAU_QRT": 0.265474, "AMT_REQ_CREDIT_BUREAU_YEAR": 1.899974, "CODE_GENDER_1": 0.341643, "NAME_TYPE_SUITE_Children": 0, "NAME_TYPE_SUITE_Family": 0, "NAME_TYPE_SUITE_Group of people": 0, "NAME_TYPE_SUITE_Other_A": 0, "NAME_TYPE_SUITE_Other_B": 0, "NAME_TYPE_SUITE_Spouse, partner": 0, "NAME_TYPE_SUITE_Unaccompanied": 0, "NAME_INCOME_TYPE_Businessman": 0, "NAME_INCOME_TYPE_Commercial associate": 0, "NAME_INCOME_TYPE_Maternity leave": 0, "NAME_INCOME_TYPE_Pensioner": 0, "NAME_INCOME_TYPE_State servant": 0, "NAME_INCOME_TYPE_Student": 0, "NAME_INCOME_TYPE_Unemployed": 0, "NAME_INCOME_TYPE_Working": 0, "NAME_EDUCATION_TYPE_Academic degree": 0, "NAME_EDUCATION_TYPE_Higher education": 0, "NAME_EDUCATION_TYPE_Incomplete higher": 0, "NAME_EDUCATION_TYPE_Lower secondary": 0, "NAME_EDUCATION_TYPE_Secondary / secondary special": 0, "NAME_FAMILY_STATUS_Civil marriage": 0, "NAME_FAMILY_STATUS_Married": 0, "NAME_FAMILY_STATUS_Separated": 0, "NAME_FAMILY_STATUS_Single / not married": 0, "NAME_FAMILY_STATUS_Unknown": 0, "NAME_FAMILY_STATUS_Widow": 0, "NAME_HOUSING_TYPE_Co-op apartment": 0, "NAME_HOUSING_TYPE_House / apartment": 0, "NAME_HOUSING_TYPE_Municipal apartment": 0, "NAME_HOUSING_TYPE_Office apartment": 0, "NAME_HOUSING_TYPE_Rented apartment": 0, "NAME_HOUSING_TYPE_With parents": 0, "OCCUPATION_TYPE_Accountants": 0, "OCCUPATION_TYPE_Cleaning staff": 0, "OCCUPATION_TYPE_Cooking staff": 0, "OCCUPATION_TYPE_Core staff": 0, "OCCUPATION_TYPE_Drivers": 0, "OCCUPATION_TYPE_HR staff": 0, "OCCUPATION_TYPE_High skill tech staff": 0, "OCCUPATION_TYPE_IT staff": 0, "OCCUPATION_TYPE_Laborers": 0, "OCCUPATION_TYPE_Low-skill Laborers": 0, "OCCUPATION_TYPE_Managers": 0, "OCCUPATION_TYPE_Medicine staff": 0, "OCCUPATION_TYPE_Private service staff": 0, "OCCUPATION_TYPE_Realty agents": 0, "OCCUPATION_TYPE_Sales staff": 0, "OCCUPATION_TYPE_Secretaries": 0, "OCCUPATION_TYPE_Security staff": 0, "OCCUPATION_TYPE_Waiters/barmen staff": 0, "WEEKDAY_APPR_PROCESS_START_FRIDAY": 0, "WEEKDAY_APPR_PROCESS_START_MONDAY": 0, "WEEKDAY_APPR_PROCESS_START_SATURDAY": 0, "WEEKDAY_APPR_PROCESS_START_SUNDAY": 0, "WEEKDAY_APPR_PROCESS_START_THURSDAY": 0, "WEEKDAY_APPR_PROCESS_START_TUESDAY": 0, "WEEKDAY_APPR_PROCESS_START_WEDNESDAY": 0, "ORGANIZATION_TYPE_Advertising": 0, "ORGANIZATION_TYPE_Agriculture": 0, "ORGANIZATION_TYPE_Bank": 0, "ORGANIZATION_TYPE_Business Entity Type 1": 0, "ORGANIZATION_TYPE_Business Entity Type 2": 0, "ORGANIZATION_TYPE_Business Entity Type 3": 0, "ORGANIZATION_TYPE_Cleaning": 0, "ORGANIZATION_TYPE_Construction": 0, "ORGANIZATION_TYPE_Culture": 0, "ORGANIZATION_TYPE_Electricity": 0, "ORGANIZATION_TYPE_Emergency": 0, "ORGANIZATION_TYPE_Government": 0, "ORGANIZATION_TYPE_Hotel": 0, "ORGANIZATION_TYPE_Housing": 0, "ORGANIZATION_TYPE_Industry: type 1": 0, "ORGANIZATION_TYPE_Industry: type 10": 0, "ORGANIZATION_TYPE_Industry: type 11": 0, "ORGANIZATION_TYPE_Industry: type 12": 0, "ORGANIZATION_TYPE_Industry: type 13": 0, "ORGANIZATION_TYPE_Industry: type 2": 0, "ORGANIZATION_TYPE_Industry: type 3": 0, "ORGANIZATION_TYPE_Industry: type 4": 0, "ORGANIZATION_TYPE_Industry: type 5": 0, "ORGANIZATION_TYPE_Industry: type 6": 0, "ORGANIZATION_TYPE_Industry: type 7": 0, "ORGANIZATION_TYPE_Industry: type 8": 0, "ORGANIZATION_TYPE_Industry: type 9": 0, "ORGANIZATION_TYPE_Insurance": 0, "ORGANIZATION_TYPE_Kindergarten": 0, "ORGANIZATION_TYPE_Legal Services": 0, "ORGANIZATION_TYPE_Medicine": 0, "ORGANIZATION_TYPE_Military": 0, "ORGANIZATION_TYPE_Mobile": 0, "ORGANIZATION_TYPE_Other": 0, "ORGANIZATION_TYPE_Police": 0, "ORGANIZATION_TYPE_Postal": 0, "ORGANIZATION_TYPE_Realtor": 0, "ORGANIZATION_TYPE_Religion": 0, "ORGANIZATION_TYPE_Restaurant": 0, "ORGANIZATION_TYPE_School": 0, "ORGANIZATION_TYPE_Security": 0, "ORGANIZATION_TYPE_Security Ministries": 0, "ORGANIZATION_TYPE_Self-employed": 0, "ORGANIZATION_TYPE_Services": 0, "ORGANIZATION_TYPE_Telecom": 0, "ORGANIZATION_TYPE_Trade: type 1": 0, "ORGANIZATION_TYPE_Trade: type 2": 0, "ORGANIZATION_TYPE_Trade: type 3": 0, "ORGANIZATION_TYPE_Trade: type 4": 0, "ORGANIZATION_TYPE_Trade: type 5": 0, "ORGANIZATION_TYPE_Trade: type 6": 0, "ORGANIZATION_TYPE_Trade: type 7": 0, "ORGANIZATION_TYPE_Transport: type 1": 0, "ORGANIZATION_TYPE_Transport: type 2": 0, "ORGANIZATION_TYPE_Transport: type 3": 0, "ORGANIZATION_TYPE_Transport: type 4": 0, "ORGANIZATION_TYPE_University": 0, "ORGANIZATION_TYPE_XNA": 0, "FONDKAPREMONT_MODE_not specified": 0, "FONDKAPREMONT_MODE_org spec account": 0, "FONDKAPREMONT_MODE_reg oper account": 0, "FONDKAPREMONT_MODE_reg oper spec account": 0, "HOUSETYPE_MODE_block of flats": 0, "HOUSETYPE_MODE_specific housing": 0, "HOUSETYPE_MODE_terraced house": 0, "WALLSMATERIAL_MODE_Block": 0,